{"0": {"grasp": {"index": 0, "pose": [221.26822679421187, 568.3616361209054, 1.150757673678088], "estimated_reward": -1, "step": 0, "reward": 0}}, "1": {"grasp": {"index": 0, "pose": [259.89519981650665, 726.8450199872465, 0.6110420565944383], "estimated_reward": -1, "step": 0, "reward": 0}}, "2": {"grasp": {"index": 2, "pose": [215.38353744380726, 366.0133557450174, 0.712806709682011], "estimated_reward": -1, "step": 0, "reward": 0}}, "3": {"grasp": {"index": 1, "pose": [414.5341072989579, 256.0172603997442, 0.23133333327779448], "estimated_reward": -1, "step": 0, "reward": 0}}, "4": {"grasp": {"index": 2, "pose": [71.84100663349811, 147.01687720404317, 1.4305429442318425], "estimated_reward": -1, "step": 0, "reward": 0}}, "5": {"grasp": {"index": 1, "pose": [310.0728512901317, 225.24419825339123, -0.4100825400386847], "estimated_reward": -1, "step": 0, "reward": 0}}, "6": {"grasp": {"index": 0, "pose": [85.83489474065209, 312.7715191339073, -0.600344748509944], "estimated_reward": -1, "step": 0, "reward": 0}}, "7": {"grasp": {"index": 2, "pose": [366.9693156318948, 416.3249937866201, -0.8156568393331427], "estimated_reward": -1, "step": 0, "reward": 0}}, "8": {"grasp": {"index": 1, "pose": [194.33709987643255, 424.8568051120194, 0.04528560648902502], "estimated_reward": -1, "step": 0, "reward": 0}}, "9": {"grasp": {"index": 1, "pose": [81.74811429660546, 622.1424180899472, -0.6539329405724547], "estimated_reward": -1, "step": 0, "reward": 0}}, "10": {"grasp": {"index": 0, "pose": [63.297339965296466, 465.3275582449816, -0.18347132925297305], "estimated_reward": -1, "step": 0, "reward": 0}}, "11": {"grasp": {"index": 0, "pose": [448.1723297848407, 407.5856122657489, -0.6398176052665964], "estimated_reward": -1, "step": 0, "reward": 0}}, "12": {"grasp": {"index": 1, "pose": [16.622578346965994, 400.7404422852703, -1.2533305144772555], "estimated_reward": -1, "step": 0, "reward": 0}}, "13": {"grasp": {"index": 1, "pose": [265.07619468245946, 439.8439216304615, -0.7323622195042735], "estimated_reward": -1, "step": 0, "reward": 0}}, "14": {"grasp": {"index": 1, "pose": [318.1653025168622, 508.87159890458923, 0.1016457275171243], "estimated_reward": -1, "step": 0, "reward": 0}}, "15": {"grasp": {"index": 1, "pose": [171.43816229373206, 618.1795624538023, -1.2842572742268539], "estimated_reward": -1, "step": 0, "reward": 0}}, "16": {"grasp": {"index": 2, "pose": [442.40778002560774, 467.96992005352666, 0.8816171091143672], "estimated_reward": -1, "step": 0, "reward": 0}}, "17": {"grasp": {"index": 2, "pose": [426.28048109776296, 152.35334431368017, 1.1055034778419262], "estimated_reward": -1, "step": 0, "reward": 0}}, "18": {"grasp": {"index": 1, "pose": [192.9735344723193, 484.2416705717479, -0.9795466076644261], "estimated_reward": -1, "step": 0, "reward": 0}}, "19": {"grasp": {"index": 0, "pose": [220.76908604506804, 158.2110348600348, -1.0676616770810001], "estimated_reward": -1, "step": 0, "reward": 0}}, "20": {"grasp": {"index": 1, "pose": [218.51968014779416, 225.60141455983342, 1.1260690242794542], "estimated_reward": -1, "step": 0, "reward": 0}}, "21": {"grasp": {"index": 1, "pose": [52.039983007455454, 747.6970996601616, -0.1956567583839104], "estimated_reward": -1, "step": 0, "reward": 0}}, "22": {"grasp": {"index": 2, "pose": [475.3400698038299, 492.8618190688389, 1.397412957153516], "estimated_reward": -1, "step": 0, "reward": 0}}, "23": {"grasp": {"index": 0, "pose": [2.522522467623009, 395.40996347427375, -0.06419131598446581], "estimated_reward": -1, "step": 0, "reward": 0}}, "24": {"grasp": {"index": 0, "pose": [427.9942096528007, 426.2640196513993, 0.6611135950174325], "estimated_reward": -1, "step": 0, "reward": 0}}, "25": {"grasp": {"index": 1, "pose": [126.77000312669446, 244.0445258884618, -1.1551669525148347], "estimated_reward": -1, "step": 0, "reward": 0}}, "26": {"grasp": {"index": 1, "pose": [233.0524783719188, 727.3124986933292, 1.2894515078000555], "estimated_reward": -1, "step": 0, "reward": 0}}, "27": {"grasp": {"index": 2, "pose": [308.9976976874148, 294.080448741093, 0.5313238480993943], "estimated_reward": -1, "step": 0, "reward": 0}}, "28": {"grasp": {"index": 0, "pose": [41.41625996230789, 282.5525690752772, 0.3252285076197228], "estimated_reward": -1, "step": 0, "reward": 0}}, "29": {"grasp": {"index": 1, "pose": [142.55178824772406, 684.096845007782, -0.008214854049522602], "estimated_reward": -1, "step": 0, "reward": 0}}, "30": {"grasp": {"index": 1, "pose": [260.1483181129894, 109.74172588250615, -0.7628662929368255], "estimated_reward": -1, "step": 0, "reward": 0}}, "31": {"grasp": {"index": 2, "pose": [117.89531434090047, 635.9015318989631, 1.4366850740921775], "estimated_reward": -1, "step": 0, "reward": 0}}, "32": {"grasp": {"index": 2, "pose": [227.95298302970048, 453.6730938397899, -1.4451360582635076], "estimated_reward": -1, "step": 0, "reward": 0}}, "33": {"grasp": {"index": 1, "pose": [23.38548739464618, 583.5547032185464, 0.09102402257010045], "estimated_reward": -1, "step": 0, "reward": 0}}, "34": {"grasp": {"index": 0, "pose": [376.82346367320275, 208.18318725459145, -0.43089769793262356], "estimated_reward": -1, "step": 0, "reward": 0}}, "35": {"grasp": {"index": 1, "pose": [17.494111717994755, 223.21222625873085, 0.2754501118480297], "estimated_reward": -1, "step": 0, "reward": 0}}, "36": {"grasp": {"index": 0, "pose": [161.76772417799035, 715.9628097758748, -1.2563847368541696], "estimated_reward": -1, "step": 0, "reward": 0}}, "37": {"grasp": {"index": 0, "pose": [231.4352849768586, 257.12812033796445, 1.139614353735951], "estimated_reward": -1, "step": 0, "reward": 0}}, "38": {"grasp": {"index": 1, "pose": [231.64095357464868, 696.4923223162812, 1.142943051776534], "estimated_reward": -1, "step": 0, "reward": 0}}, "39": {"grasp": {"index": 0, "pose": [89.57341048258944, 669.8553576022665, 1.0785306579215828], "estimated_reward": -1, "step": 0, "reward": 0}}, "40": {"grasp": {"index": 1, "pose": [440.4616540329044, 176.44040589815967, 1.3696906591044415], "estimated_reward": -1, "step": 0, "reward": 0}}, "41": {"grasp": {"index": 0, "pose": [274.4032004044528, 81.05096084437075, -0.7047119205583067], "estimated_reward": -1, "step": 0, "reward": 0}}, "42": {"grasp": {"index": 0, "pose": [477.86623258232174, 121.64068210005611, -1.2125209680346236], "estimated_reward": -1, "step": 0, "reward": 0}}, "43": {"grasp": {"index": 2, "pose": [400.03412110282864, 668.2446755607502, 1.2009749849794047], "estimated_reward": -1, "step": 0, "reward": 0}}, "44": {"grasp": {"index": 2, "pose": [64.30411232109965, 639.1811325238973, -0.09666790778531542], "estimated_reward": -1, "step": 0, "reward": 0}}, "45": {"grasp": {"index": 0, "pose": [412.45983096396606, 748.5864223588635, 0.3418108335060699], "estimated_reward": -1, "step": 0, "reward": 0}}, "46": {"grasp": {"index": 2, "pose": [230.87719429308575, 233.55421452783372, 1.0092731066423277], "estimated_reward": -1, "step": 0, "reward": 0}}, "47": {"grasp": {"index": 0, "pose": [311.59994239043084, 654.0416095592863, 0.45071328684188083], "estimated_reward": -1, "step": 0, "reward": 0}}, "48": {"grasp": {"index": 1, "pose": [401.5501912068767, 358.1196157411627, -0.21874296285150496], "estimated_reward": -1, "step": 0, "reward": 0}}, "49": {"grasp": {"index": 2, "pose": [264.20568523384674, 373.00192178825745, -0.8520400930205283], "estimated_reward": -1, "step": 0, "reward": 0}}}